state,district,total_enrollment,age_17_enrollment,age_17_ratio,age_17_ratio_zscore,anomaly_flag
Andaman & Nicobar Islands,Andamans,7,743,106.14285714285714,5.268424886478204,True
Andaman & Nicobar Islands,South Andaman,6,299,49.833333333333336,2.0734982753277604,True
Andaman and Nicobar Islands,Nicobar,58,729,12.568965517241379,-0.04083181181806421,False
Andaman and Nicobar Islands,North And Middle Andaman,112,1897,16.9375,0.20703295645641448,False
Andaman and Nicobar Islands,South Andaman,434,2957,6.813364055299539,-0.3673968940612964,False
Andhra Pradesh,Adilabad,2596,26695,10.283127889060092,-0.1705271630298643,False
Andhra Pradesh,Alluri Sitharama Raju,1569,11302,7.203314212874442,-0.3452716468353973,False
Andhra Pradesh,Anakapalli,1772,11688,6.595936794582393,-0.3797334242653978,False
Andhra Pradesh,Anantapur,8956,59789,6.675859758820902,-0.37519870281842915,False
Andhra Pradesh,Ananthapur,9092,20934,2.3024637043554774,-0.6233393101298462,False
Andhra Pradesh,Ananthapuramu,11812,44132,3.7362004740941415,-0.5419910150436039,False
Andhra Pradesh,Annamayya,5789,27845,4.80998445327345,-0.4810659569430992,False
Andhra Pradesh,Bapatla,2008,11506,5.7300796812749,-0.4288609917816433,False
Andhra Pradesh,Chittoor,28652,140927,4.918574619572805,-0.47490469702563604,False
Andhra Pradesh,Cuddapah,11074,72593,6.55526458370959,-0.38204111078200553,False
Andhra Pradesh,Dr. B. R. Ambedkar Konaseema,1752,12404,7.079908675799087,-0.3522735109552051,False
Andhra Pradesh,East Godavari,19090,136935,7.173127291775799,-0.3469844121191705,False
Andhra Pradesh,Eluru,2346,15238,6.495311167945439,-0.3854427869194595,False
Andhra Pradesh,Guntur,22026,155195,7.045991101425588,-0.35419794848584596,False
Andhra Pradesh,Hyderabad,4382,31824,7.2624372432679145,-0.3419170856465134,False
Andhra Pradesh,K.V.Rangareddy,48,470,9.791666666666666,-0.1984120114808063,False
Andhra Pradesh,K.v. Rangareddy,32,134,4.1875,-0.5163848872099969,False
Andhra Pradesh,Kakinada,3621,24648,6.806959403479702,-0.36776028538748784,False
Andhra Pradesh,Karim Nagar,82,1069,13.036585365853659,-0.01429969083463603,False
Andhra Pradesh,Karimnagar,967,9364,9.683557394002069,-0.20454598614052136,False
Andhra Pradesh,Khammam,4648,27720,5.963855421686747,-0.4155968708380937,False
Andhra Pradesh,Krishna,13459,98390,7.310349951705179,-0.3391985830408739,False
Andhra Pradesh,Kurnool,29378,148267,5.046871808836545,-0.467625287142841,False
Andhra Pradesh,Mahabub Nagar,444,12369,27.85810810810811,0.8266535657970808,False
Andhra Pradesh,Mahabubnagar,13,68,5.230769230769231,-0.45719119487379356,False
Andhra Pradesh,Mahbubnagar,1254,8643,6.892344497607655,-0.3629156500404057,False
Andhra Pradesh,Medak,1711,11252,6.576271186440678,-0.3808492244094188,False
Andhra Pradesh,N. T. R,4718,33352,7.069097075031793,-0.3528869466347076,False
Andhra Pradesh,Nalgonda,1623,28221,17.388170055452864,0.2326033689835308,False
Andhra Pradesh,Nandyal,4798,22587,4.707586494372655,-0.48687587934497023,False
Andhra Pradesh,Nellore,7111,61012,8.579946561665025,-0.2671633797543376,False
Andhra Pradesh,Nizamabad,728,4813,6.611263736263736,-0.3788637942182512,False
Andhra Pradesh,Palnadu,3955,21540,5.446270543615676,-0.4449639403603303,False
Andhra Pradesh,Parvathipuram Manyam,1511,7880,5.215089344804765,-0.4580808505046444,False
Andhra Pradesh,Prakasam,15519,104979,6.7645466847090665,-0.37016672598020023,False
Andhra Pradesh,Rangareddi,3569,18676,5.232838330064443,-0.45707379696395245,False
Andhra Pradesh,Sri Potti Sriramulu Nellore,3045,19020,6.246305418719212,-0.39957103806971644,False
Andhra Pradesh,Sri Sathya Sai,3953,18154,4.592461421705035,-0.4934079210564329,False
Andhra Pradesh,Srikakulam,24315,111384,4.580876002467613,-0.4940652621546845,False
Andhra Pradesh,Tirupati,4768,28462,5.969379194630872,-0.41528345939400413,False
Andhra Pradesh,Visakhapatnam,19864,137329,6.913461538461538,-0.36171749755733656,False
Andhra Pradesh,Vizianagaram,11069,67818,6.126840726352877,-0.4063493039635145,False
Andhra Pradesh,Warangal,3605,31161,8.643828016643551,-0.2635388319574091,False
Andhra Pradesh,West Godavari,14258,112548,7.893673727030439,-0.30610157694635237,False
Andhra Pradesh,Y. S. R,4161,24025,5.773852439317472,-0.426377384390703,False
Arunachal Pradesh,Anjaw,128,632,4.9375,-0.47383089640609033,False
Arunachal Pradesh,Changlang,690,4969,7.201449275362319,-0.34537746088038496,False
Arunachal Pradesh,Dibang Valley,28,132,4.714285714285714,-0.48649577462153865,False
Arunachal Pradesh,East Kameng,292,1130,3.8698630136986303,-0.5344071824020623,False
Arunachal Pradesh,East Siang,423,2080,4.91725768321513,-0.47497941822250783,False
Arunachal Pradesh,Kamle,64,254,3.96875,-0.5287964678611363,False
Arunachal Pradesh,Kra Daadi,145,369,2.5448275862068965,-0.6095879095971738,False
Arunachal Pradesh,Kurung Kumey,106,229,2.160377358490566,-0.6314010982035745,False
Arunachal Pradesh,Leparada,8,15,1.875,-0.6475930255220421,False
Arunachal Pradesh,Lohit,212,1654,7.80188679245283,-0.3113094441062648,False
Arunachal Pradesh,Longding,263,1222,4.64638783269962,-0.4903482090596979,False
Arunachal Pradesh,Lower Dibang Valley,186,971,5.220430107526882,-0.457777822814294,False
Arunachal Pradesh,Lower Siang,70,269,3.842857142857143,-0.5359394591746491,False
Arunachal Pradesh,Lower Subansiri,198,1323,6.681818181818182,-0.3748606299151865,False
Arunachal Pradesh,Namsai,221,1914,8.660633484162895,-0.26258531234371113,False
Arunachal Pradesh,Pakke Kessang,14,73,5.214285714285714,-0.45812644741893427,False
Arunachal Pradesh,Papum Pare,770,4152,5.392207792207792,-0.44803138812865695,False
Arunachal Pradesh,Shi-yomi,43,195,4.534883720930233,-0.496674802322141,False
Arunachal Pradesh,Siang,175,602,3.44,-0.5587970313778904,False
Arunachal Pradesh,Tawang,209,742,3.550239234449761,-0.5525422055525506,False
Arunachal Pradesh,Tirap,96,894,9.3125,-0.22559928338330212,False
Arunachal Pradesh,Upper Siang,199,1122,5.63819095477387,-0.43407463447832,False
Arunachal Pradesh,Upper Subansiri,347,1202,3.4639769452449567,-0.5574366117679442,False
Arunachal Pradesh,West Kameng,375,1484,3.957333333333333,-0.5294442341655958,False
Arunachal Pradesh,West Siang,521,3031,5.817658349328215,-0.42389189600169774,False
Assam,Bajali,57,787,13.807017543859649,0.029413594255898092,False
Assam,Baksa,1346,15666,11.63893016344725,-0.0936007663416153,False
Assam,Barpeta,4978,54164,10.880674969867417,-0.1366231457210961,False
Assam,Biswanath,844,10181,12.062796208530806,-0.06955117729551685,False
Assam,Bongaigaon,3318,35806,10.791440626883665,-0.14168618226872712,False
Assam,Cachar,5078,52941,10.425561244584483,-0.16244568609499166,False
Assam,Charaideo,763,9150,11.99213630406291,-0.07356032519542582,False
Assam,Chirang,1175,12222,10.401702127659574,-0.1637994202846075,False
Assam,Darrang,3187,25132,7.885786005647945,-0.3065491156439183,False
Assam,Dhemaji,1927,20422,10.59782044628957,-0.1526719307813296,False
Assam,Dhubri,7185,73614,10.245511482254697,-0.1726614673355613,False
Assam,Dibrugarh,1874,24645,13.15101387406617,-0.007807171253062808,False
Assam,Dima Hasao,16,264,16.5,0.18220979515413566,False
Assam,Goalpara,4325,36242,8.379653179190752,-0.2785277567621957,False
Assam,Golaghat,1998,25926,12.975975975975976,-0.017738586060616464,False
Assam,Hailakandi,2253,19049,8.454948956946295,-0.27425557564995257,False
Assam,Hojai,2371,22937,9.673977224799662,-0.20508955205004012,False
Assam,Jorhat,1266,18522,14.630331753554502,0.07612733466667193,False
Assam,Kamrup,3266,41318,12.650949173300674,-0.036180169490040374,False
Assam,Kamrup Metro,2308,23883,10.34792027729636,-0.16685093010563853,False
Assam,Karbi Anglong,2438,28683,11.764971287940936,-0.08644936253812419,False
Assam,Karimganj,4135,37279,9.015477629987908,-0.24245193298603426,False
Assam,Kokrajhar,1928,20741,10.757780082987551,-0.14359603623594003,False
Assam,Lakhimpur,2993,32419,10.83160708319412,-0.13940719158544626,False
Assam,Majuli,290,2991,10.313793103448276,-0.16878726002843145,False
Assam,Marigaon,4499,39311,8.737719493220716,-0.2582115559163026,False
Assam,Nagaon,7120,90257,12.676544943820225,-0.03472789991229652,False
Assam,Nalbari,2083,18878,9.062890062409986,-0.23976181536832764,False
Assam,North Cachar Hills,300,3299,10.996666666666666,-0.13004193292252977,False
Assam,Sibsagar,1031,12039,11.677012609117362,-0.0914400196178337,False
Assam,Sonitpur,3162,40414,12.781151170145478,-0.028792683388194986,False
Assam,South Salmara Mankachar,1188,19859,16.716329966329965,0.194484066351222,False
Assam,Sribhumi,192,4895,25.494791666666668,0.6925621709759872,False
Assam,Tamulpur District,54,1214,22.48148148148148,0.5215910057630694,False
Assam,Tinsukia,2000,33249,16.6245,0.1892737576275842,False
Assam,Udalguri,1380,18400,13.333333333333334,0.0025373895376413647,False
Assam,West Karbi Anglong,152,1299,8.546052631578947,-0.26908647573992595,False
Bihar,Araria,9001,146314,16.255304966114878,0.16832612819185686,False
Bihar,Arwal,2232,25538,11.441756272401435,-0.10478814760339414,False
Bihar,Aurangabad,10545,95295,9.036984352773827,-0.24123167047449537,False
Bihar,Aurangabad(BH),2,22,11.0,-0.12985280407451238,False
Bihar,Aurangabad(bh),24,646,26.916666666666668,0.7732374452083933,False
Bihar,Banka,7434,90686,12.198816249663707,-0.061833583189494855,False
Bihar,Begusarai,13270,119720,9.02185380557649,-0.2420901573628868,False
Bihar,Bhabua,5,127,25.4,0.6871838193604933,False
Bihar,Bhagalpur,15385,139641,9.076438089047773,-0.2389931185670537,False
Bihar,Bhojpur,10707,131634,12.294200056038106,-0.056421634363764524,False
Bihar,Buxar,7052,66850,9.479580260918889,-0.2161193742010932,False
Bihar,Darbhanga,12315,141613,11.499228583028827,-0.10152724603283768,False
Bihar,East Champaran,18227,229801,12.607724803862402,-0.03863266204948158,False
Bihar,Gaya,19945,175229,8.785610428678867,-0.25549428868020047,False
Bihar,Gopalganj,8025,97842,12.19214953271028,-0.06221184373873272,False
Bihar,Jamui,5423,61497,11.34003319196017,-0.11055977830958427,False
Bihar,Jehanabad,4393,41968,9.553380377873891,-0.21193205487011932,False
Bihar,Kaimur (Bhabua),5463,61555,11.267618524620172,-0.11466848909365661,False
Bihar,Katihar,11847,168447,14.218536338313497,0.05276261691566308,False
Bihar,Khagaria,7370,68254,9.261058344640434,-0.22851801368878039,False
Bihar,Kishanganj,6372,138769,21.77793471437539,0.481672708886335,False
Bihar,Lakhisarai,4081,44802,10.978191619701054,-0.13109018222743166,False
Bihar,Madhepura,6595,85266,12.928885519332828,-0.020410435205875457,False
Bihar,Madhubani,13587,168104,12.372414808272614,-0.05198383456734172,False
Bihar,Monghyr,2,280,140.0,7.189433614197415,True
Bihar,Munger,4129,51818,12.5497699200775,-0.04192094417164715,False
Bihar,Muzaffarpur,15939,190978,11.981805633979548,-0.07414647351505997,False
Bihar,Nalanda,11812,141231,11.956569590247206,-0.07557833267894404,False
Bihar,Nawada,6895,79623,11.547933284989123,-0.0987638067804038,False
Bihar,Pashchim Champaran,23,1097,47.69565217391305,1.9522091227948866,False
Bihar,Patna,20931,222841,10.64645740767283,-0.14991233503808526,False
Bihar,Purba Champaran,19,915,48.1578947368421,1.9784361438242961,False
Bihar,Purnea,102,2704,26.50980392156863,0.7501526005239212,False
Bihar,Purnia,9447,133927,14.176669842277972,0.05038716826594642,False
Bihar,Rohtas,10462,107283,10.254540240871727,-0.17214918772068163,False
Bihar,Saharsa,6443,74734,11.599255005432251,-0.09585188142070039,False
Bihar,Samastipur,15445,186847,12.097572029783102,-0.0675780439918255,False
Bihar,Samstipur,10,438,43.8,1.7311750604163338,False
Bihar,Saran,14788,155057,10.485325939951311,-0.15905471769894058,False
Bihar,Sheikhpura,2326,25762,11.07566638005159,-0.12555959548667203,False
Bihar,Sheikpura,1,177,177.0,9.288763827190138,True
Bihar,Sheohar,2482,28998,11.683319903303786,-0.09108215223275819,False
Bihar,Sitamarhi,12645,157203,12.43202846975089,-0.04860143563089674,False
Bihar,Siwan,10600,113122,10.67188679245283,-0.14846950596331582,False
Bihar,Supaul,6449,100462,15.577919057218173,0.12989216320800853,False
Bihar,Vaishali,12462,143132,11.485475846573584,-0.10230755779369767,False
Bihar,West Champaran,17311,216078,12.48212119461614,-0.04575924182655213,False
Chandigarh,Chandigarh,13132,70204,5.346024977155041,-0.45065173891139465,False
Chandigarh,Rupnagar,1,19,19.0,0.3240564311671575,False
Chhattisgarh,Balod,5704,54030,9.472300140252454,-0.21653243845161427,False
Chhattisgarh,Baloda Bazar,8282,107988,13.038879497705867,-0.014169524880313603,False
Chhattisgarh,Balrampur,3542,56759,16.02456239412761,0.15523410514330227,False
Chhattisgarh,Bastar,9378,70053,7.469929622520794,-0.3301442472483698,False
Chhattisgarh,Bemetara,4199,54494,12.977851869492737,-0.017632150386667985,False
Chhattisgarh,Bijapur,1137,11910,10.474934036939313,-0.15964434029255078,False
Chhattisgarh,Bilaspur,12889,140452,10.897043991000077,-0.1356943894880986,False
Chhattisgarh,Dakshin Bastar Dantewada,1408,4488,3.1875,-0.5731235416152056,False
Chhattisgarh,Dantewada,699,1699,2.430615164520744,-0.6160681687200064,False
Chhattisgarh,Dhamtari,3073,41640,13.550276602668403,0.014846458721979938,False
Chhattisgarh,Durg,10565,66584,6.302318977756744,-0.3963929041014802,False
Chhattisgarh,Gariyaband,1307,26292,20.116296863045143,0.3873936130930945,False
Chhattisgarh,Gaurela-pendra-marwahi,439,2986,6.801822323462415,-0.3680517563952406,False
Chhattisgarh,Janjgir - Champa,11,204,18.545454545454547,0.2982661337102445,False
Chhattisgarh,Janjgir Champa,5,231,46.2,1.8673478309888352,False
Chhattisgarh,Janjgir-champa,7192,104968,14.595105672969966,0.0741286542543359,False
Chhattisgarh,Jashpur,8700,62323,7.163563218390805,-0.34752706477366774,False
Chhattisgarh,Kabeerdham,3034,24067,7.9324324324324325,-0.3039024601553554,False
Chhattisgarh,Kanker,2867,25973,9.059295430763864,-0.23996576993101096,False
Chhattisgarh,Kawardha,4631,62369,13.467717555603542,0.01016216948254347,False
Chhattisgarh,Khairagarh Chhuikhadan Gandai,641,5462,8.521060842433698,-0.2705044762272061,False
Chhattisgarh,Kondagaon,4193,57771,13.7779632721202,0.027765093972678467,False
Chhattisgarh,Korba,6101,77273,12.66562858547779,-0.03534727939565135,False
Chhattisgarh,Koriya,2301,29434,12.791829639287267,-0.028186801417982337,False
Chhattisgarh,Mahasamund,8593,126294,14.697311765390435,0.07992769041028767,False
Chhattisgarh,Manendragarh–Chirmiri–Bharatpur,395,4718,11.944303797468354,-0.07627427725642921,False
Chhattisgarh,Mohalla-Manpur-Ambagarh Chowki,32,149,4.65625,-0.48978864295755525,False
Chhattisgarh,Mohla-Manpur-Ambagarh Chouki,3477,16334,4.69772792637331,-0.4874352412276153,False
Chhattisgarh,Mungeli,3835,66729,17.4,0.23327458411882343,False
Chhattisgarh,Narayanpur,2057,14708,7.150218765192027,-0.3482842110919397,False
Chhattisgarh,Raigarh,5194,78242,15.063919907585676,0.10072854309243912,False
Chhattisgarh,Raipur,12289,120718,9.82325657091708,-0.19661964282084846,False
Chhattisgarh,Rajnandgaon,10303,137815,13.376201106473843,0.004969649302981603,False
Chhattisgarh,Sakti,967,8718,9.01551189245088,-0.24244998897998862,False
Chhattisgarh,Sarangarh-Bilaigarh,622,7433,11.95016077170418,-0.07594196041940247,False
Chhattisgarh,Sukma,1509,11237,7.446653412856196,-0.3314649080643926,False
Chhattisgarh,Surajpur,3394,38673,11.394519740718916,-0.10746828484982923,False
Chhattisgarh,Surguja,9129,106554,11.672034176799212,-0.09172248916861296,False
Chhattisgarh,Uttar Bastar Kanker,1113,12455,11.19047619047619,-0.11904544133066314,False
Dadra & Nagar Haveli,Dadra & Nagar Haveli,32,203,6.34375,-0.39404216364876554,False
Dadra and Nagar Haveli,Dadra and Nagar Haveli,1310,4723,3.6053435114503816,-0.5494156630235635,False
Dadra and Nagar Haveli and Daman and Diu,Dadra and Nagar Haveli,145,1544,10.648275862068965,-0.14980915838255132,False
Dadra and Nagar Haveli and Daman and Diu,Daman,107,1580,14.766355140186915,0.0838451185918345,False
Dadra and Nagar Haveli and Daman and Diu,Diu,54,310,5.7407407407407405,-0.4282560976130176,False
Daman & Diu,Daman,23,354,15.391304347826088,0.11930389570488253,False
Daman & Diu,Diu,18,249,13.833333333333334,0.03090671674024573,False
Daman and Diu,Daman,164,940,5.7317073170731705,-0.42876864191658765,False
Daman and Diu,Diu,70,378,5.4,-0.44758926874368127,False
Delhi,Central Delhi,4432,44615,10.066561371841155,-0.18281485580608922,False
Delhi,East Delhi,24960,162101,6.49443108974359,-0.38549272137240376,False
Delhi,Najafgarh,9,186,20.666666666666668,0.4186208551758388,False
Delhi,New Delhi,547,3514,6.424131627056672,-0.3894814182906686,False
Delhi,North Delhi,9317,77583,8.327036599763872,-0.2815131506782817,False
Delhi,North East,360,11467,31.852777777777778,1.0533057476474375,False
Delhi,North East Delhi,25389,115759,4.5594154948993655,-0.4952829024769596,False
Delhi,North West Delhi,39744,274245,6.900286835748792,-0.3624650124614464,False
Delhi,Shahdara,4681,23863,5.097842341380047,-0.4647332877120058,False
Delhi,South Delhi,20329,193160,9.501697082984899,-0.21486449547734834,False
Delhi,South East Delhi,124,1045,8.42741935483871,-0.2758175682298477,False
Delhi,South West Delhi,19940,149759,7.510481444332999,-0.32784339144506547,False
Delhi,West Delhi,25703,206102,8.018597050927907,-0.299013595644584,False
Goa,Bardez,2,29,14.5,0.06873248634371819,False
Goa,North Goa,1713,17130,10.0,-0.1865914584797211,False
Goa,South Goa,1560,14678,9.408974358974358,-0.22012545807049194,False
Gujarat,Ahmadabad,320,7440,23.25,0.5651957123892946,False
Gujarat,Ahmedabad,31732,236152,7.442077398210009,-0.3317245449779558,False
Gujarat,Amreli,2578,25310,9.817688130333591,-0.19693558864669092,False
Gujarat,Anand,3523,35626,10.112404200965086,-0.18021379536746945,False
Gujarat,Arvalli,1810,6286,3.47292817679558,-0.5569287309344924,False
Gujarat,Banas Kantha,33,440,13.333333333333334,0.0025373895376413647,False
Gujarat,Banaskantha,9778,65429,6.691450194313766,-0.3743141224869729,False
Gujarat,Bharuch,6975,42831,6.140645161290323,-0.4055660589003396,False
Gujarat,Bhavnagar,6530,51332,7.8609494640122515,-0.30795830759640647,False
Gujarat,Botad,1463,6082,4.157211209842789,-0.5181034324070788,False
Gujarat,Chhotaudepur,1857,7774,4.186322024771136,-0.5164517239394052,False
Gujarat,Dahod,4796,31140,6.492910758965805,-0.3855789828949861,False
Gujarat,Devbhumi Dwarka,835,5751,6.887425149700599,-0.36319476722120314,False
Gujarat,Dohad,315,4897,15.546031746031746,0.1280829200786905,False
Gujarat,Gandhinagar,6930,57658,8.32005772005772,-0.28190912292206455,False
Gujarat,Gir Somnath,2323,9743,4.194145501506672,-0.5160078303966605,False
Gujarat,Jamnagar,4166,41553,9.974315890542487,-0.1880487402899365,False
Gujarat,Junagadh,3875,34170,8.818064516129033,-0.2536528874283291,False
Gujarat,Kachchh,7742,59047,7.626840609661586,-0.32124132897660823,False
Gujarat,Kheda,5991,46628,7.783007845100985,-0.3123806101755953,False
Gujarat,Mahesana,6530,43687,6.690199081163859,-0.3743851089636072,False
Gujarat,Mahisagar,918,6589,7.17755991285403,-0.3467329111637035,False
Gujarat,Morbi,3044,16755,5.5042706964520365,-0.44167308973309877,False
Gujarat,Narmada,2729,12028,4.407475265665079,-0.5039037866337319,False
Gujarat,Navsari,5085,24517,4.821435594886922,-0.4804162345765474,False
Gujarat,Panch Mahals,15,402,26.8,0.7666179355277857,False
Gujarat,Panchmahals,3200,29270,9.146875,-0.23499662301916482,False
Gujarat,Patan,3100,26459,8.53516129032258,-0.2697044357874801,False
Gujarat,Porbandar,1801,12822,7.119378123264853,-0.3500340676158804,False
Gujarat,Rajkot,10174,127426,12.524670729310007,-0.043345038482454364,False
Gujarat,Sabar Kantha,41,602,14.682926829268293,0.0791115084910125,False
Gujarat,Sabarkantha,5607,38270,6.825396825396825,-0.36671417087720914,False
Gujarat,Surat,35198,322384,9.159156770271037,-0.23429977190027226,False
Gujarat,Surendra Nagar,3636,35123,9.65979097909791,-0.20589446054221927,False
Gujarat,Surendranagar,19,894,47.05263157894737,1.9157249994816974,False
Gujarat,Tapi,2645,9545,3.608695652173913,-0.5492254670695333,False
Gujarat,The Dangs,1477,5104,3.4556533513879484,-0.5579088812832064,False
Gujarat,Vadodara,10942,89085,8.141564613416195,-0.2920365816135101,False
Gujarat,Valsad,8741,39602,4.530602905846013,-0.49691769000977704,False
Haryana,Ambala,3958,29284,7.398686205154118,-0.33418650288498364,False
Haryana,Bhiwani,4004,30276,7.561438561438561,-0.32495215318812726,False
Haryana,Charkhi Dadri,1698,10397,6.123085983510012,-0.4065623430200563,False
Haryana,Faridabad,19754,140801,7.127720967905234,-0.3495607058370735,False
Haryana,Fatehabad,4592,37378,8.139808362369338,-0.2921362289347065,False
Haryana,Gurgaon,13524,105689,7.814921620822242,-0.3105698654841816,False
Haryana,Hisar,6665,56541,8.483270817704426,-0.2726486313802845,False
Haryana,Jhajjar,3763,28621,7.605899548232793,-0.32242949662389475,False
Haryana,Jind,4923,39090,7.940280316879951,-0.3034571817518756,False
Haryana,Kaithal,4992,34982,7.00761217948718,-0.3563755168741538,False
Haryana,Karnal,6828,42303,6.195518453427065,-0.4024526221417169,False
Haryana,Kurukshetra,3517,25192,7.162922945692351,-0.3475633929850304,False
Haryana,Mahendragarh,3104,25430,8.192654639175258,-0.28913780229841346,False
Haryana,Mewat,6364,60303,9.475644248900062,-0.21634269822676414,False
Haryana,Palwal,7265,61703,8.493186510667584,-0.2720860283040597,False
Haryana,Panchkula,5417,29001,5.353701310688573,-0.4502161940759365,False
Haryana,Panipat,9431,59653,6.325204114091825,-0.3950944322599479,False
Haryana,Rewari,6191,37840,6.112098207074786,-0.40718577466989625,False
Haryana,Rohtak,4152,22379,5.389932562620424,-0.44816048159390715,False
Haryana,Sirsa,4976,50186,10.085610932475884,-0.18173400936866427,False
Haryana,Sonipat,7748,52916,6.829633453794528,-0.36647379028270866,False
Haryana,Yamuna Nagar,6421,46460,7.235633078959664,-0.3434379178618197,False
Haryana,Yamunanagar,27,401,14.851851851851851,0.08869608696777308,False
Himachal Pradesh,Bilaspur,932,5828,6.253218884120171,-0.39917877734558904,False
Himachal Pradesh,Chamba,3354,16304,4.861061419200954,-0.478167918625272,False
Himachal Pradesh,Hamirpur,883,6437,7.289920724801812,-0.3403577098859097,False
Himachal Pradesh,Kangra,3693,30434,8.240996479826698,-0.28639495130837966,False
Himachal Pradesh,Kinnaur,141,1028,7.290780141843972,-0.3403089477193646,False
Himachal Pradesh,Kullu,1211,8391,6.928984310487201,-0.3608367563599616,False
Himachal Pradesh,Lahaul and Spiti,15,44,2.933333333333333,-0.5875446162765294,False
Himachal Pradesh,Lahul & Spiti,6,271,45.166666666666664,1.8087178881034525,False
Himachal Pradesh,Lahul and Spiti,70,163,2.3285714285714287,-0.621857992988251,False
Himachal Pradesh,Mandi,2289,14016,6.123197903014416,-0.40655599285797467,False
Himachal Pradesh,Shimla,1841,13901,7.550787615426398,-0.3255564735329999,False
Himachal Pradesh,Sirmaur,2634,16784,6.372057706909644,-0.39243602244941533,False
Himachal Pradesh,Solan,1260,7723,6.12936507936508,-0.40620607557035837,False
Himachal Pradesh,Una,1095,8466,7.7315068493150685,-0.31530270737701654,False
Jammu & Kashmir,Baramula,10,95,9.5,-0.2149607856823255,False
Jammu & Kashmir,Jammu,6,187,31.166666666666668,1.0143767264305306,False
Jammu & Kashmir,Kathua,3,45,15.0,0.09710181354632255,False
Jammu & Kashmir,Leh (ladakh),4,3,0.75,-0.7114240117279019,False
Jammu and Kashmir,Anantnag,5246,30309,5.777544796035074,-0.4261678850389622,False
Jammu and Kashmir,Badgam,892,11222,12.580717488789238,-0.040165020765830374,False
Jammu and Kashmir,Bandipore,2600,13294,5.113076923076923,-0.4638688980460989,False
Jammu and Kashmir,Baramula,5150,31540,6.1242718446601945,-0.4064950588540835,False
Jammu and Kashmir,Budgam,5738,12884,2.245381666085744,-0.6265780681719776,False
Jammu and Kashmir,Doda,1109,10263,9.254283137962128,-0.22890242979902464,False
Jammu and Kashmir,Ganderbal,1034,6495,6.281431334622824,-0.397578040866595,False
Jammu and Kashmir,Jammu,2480,32443,13.081854838709678,-0.011731161859152415,False
Jammu and Kashmir,Kargil,508,1537,3.0255905511811023,-0.5823100658766789,False
Jammu and Kashmir,Kathua,1772,18658,10.529345372460497,-0.15655711433068847,False
Jammu and Kashmir,Kishtwar,967,4901,5.068252326783868,-0.46641218532402356,False
Jammu and Kashmir,Kulgam,2329,10078,4.327179046801202,-0.5084596860458945,False
Jammu and Kashmir,Kupwara,7740,37390,4.830749354005168,-0.4798877844167239,False
Jammu and Kashmir,Leh,291,1136,3.9037800687285222,-0.5324827743382788,False
Jammu and Kashmir,Pulwama,3432,18054,5.260489510489511,-0.4555049061939185,False
Jammu and Kashmir,Punch,4052,19383,4.783563672260612,-0.4825650365061024,False
Jammu and Kashmir,Rajouri,2395,13413,5.600417536534446,-0.43621784740151004,False
Jammu and Kashmir,Ramban,1857,5897,3.1755519655358104,-0.5738014570134908,False
Jammu and Kashmir,Reasi,1119,7281,6.506702412868632,-0.38479646301051734,False
Jammu and Kashmir,Samba,628,4492,7.1528662420382165,-0.34813399681811796,False
Jammu and Kashmir,Shupiyan,1844,6363,3.450650759219089,-0.5581927216314054,False
Jammu and Kashmir,Srinagar,3495,36211,10.360801144492132,-0.16612008703337824,False
Jammu and Kashmir,Udhampur,1172,15678,13.377133105802049,0.005022529690770544,False
Jharkhand,Bokaro,4424,66249,14.974909584086799,0.09567821710894048,False
Jharkhand,Chatra,3989,43307,10.856605665580346,-0.13798880565881402,False
Jharkhand,Deoghar,4022,56038,13.932869219293883,0.03655424897467758,False
Jharkhand,Dhanbad,5776,102021,17.662915512465375,0.24819205651836476,False
Jharkhand,Dumka,4019,55639,13.843991042547897,0.03151142082012202,False
Jharkhand,East Singhbhum,4140,56520,13.652173913043478,0.020627975000171665,False
Jharkhand,Garhwa,3459,36814,10.64296039317722,-0.15011075093500176,False
Jharkhand,Garhwa *,44,2072,47.09090909090909,1.9178968140043848,False
Jharkhand,Giridih,9740,115931,11.902566735112936,-0.07864238201330193,False
Jharkhand,Godda,3785,53892,14.238309114927345,0.053884497654587624,False
Jharkhand,Gumla,3800,42953,11.30342105263158,-0.11263710182998456,False
Jharkhand,Hazaribag,391,9335,23.874680306905372,0.6006392324365383,False
Jharkhand,Hazaribagh,5791,60854,10.508375064755656,-0.15774694137232434,False
Jharkhand,Jamtara,1682,31321,18.62128418549346,0.30256860545008385,False
Jharkhand,Khunti,1410,20011,14.192198581560284,0.051268248037434086,False
Jharkhand,Kodarma,221,2782,12.588235294117647,-0.03973847060741617,False
Jharkhand,Koderma,1672,22513,13.464712918660288,0.009991690425407035,False
Jharkhand,Latehar,3017,35628,11.809081869406695,-0.08394658750072569,False
Jharkhand,Lohardaga,1511,15908,10.528127068166777,-0.15662623927697025,False
Jharkhand,Pakaur,227,3451,15.202643171806168,0.10859951443900803,False
Jharkhand,Pakur,2790,42671,15.29426523297491,0.1137980269035542,False
Jharkhand,Palamau,140,3546,25.32857142857143,0.68313105833155,False
Jharkhand,Palamu,9410,104641,11.1201912858661,-0.12303331224323805,False
Jharkhand,Pashchimi Singhbhum,235,8922,37.96595744680851,1.4001593362055205,False
Jharkhand,Purbi Singhbhum,86,4780,55.58139534883721,2.399635579525142,True
Jharkhand,Ramgarh,2377,33083,13.917963819941102,0.03570853667202853,False
Jharkhand,Ranchi,8306,95347,11.479292078015892,-0.10265841650081436,False
Jharkhand,Sahebganj,4750,60999,12.841894736842105,-0.025346175150055272,False
Jharkhand,Sahibganj,150,2506,16.706666666666667,0.19393578373121215,False
Jharkhand,Seraikela-Kharsawan,2085,26654,12.783693045563549,-0.028648460797307942,False
Jharkhand,Seraikela-kharsawan,144,5818,40.40277777777778,1.5384212428119721,False
Jharkhand,Simdega,1750,24335,13.905714285714286,0.035013514582908425,False
Jharkhand,West Singhbhum,4033,55272,13.704934292090256,0.023621527913194575,False
Karnataka,Bagalkot,14788,37873,2.5610630240735732,-0.6086667326989392,False
Karnataka,Bagalkot *,164,1032,6.2926829268292686,-0.3969396406648852,False
Karnataka,Ballari,4784,19615,4.100125418060201,-0.5213424034184787,False
Karnataka,Bangalore,3869,47973,12.399327991729129,-0.05045681675225857,False
Karnataka,Bangalore Rural,5713,42521,7.442849641169263,-0.3316807289515738,False
Karnataka,Belagavi,12963,41358,3.190465170099514,-0.5729553018536766,False
Karnataka,Belgaum,12122,50900,4.198977066490678,-0.5157336939007967,False
Karnataka,Bellary,3524,23856,6.769580022701476,-0.3698811411553443,False
Karnataka,Bengaluru,38541,265383,6.885732077527828,-0.3632908298580971,False
Karnataka,Bengaluru Rural,8,71,8.875,-0.25042244468558095,False
Karnataka,Bengaluru South,326,3388,10.392638036809815,-0.16431370460282937,False
Karnataka,Bidar,6398,36661,5.730071897467958,-0.4288614334243753,False
Karnataka,Bijapur,5441,24941,4.583900018378975,-0.49389368356097385,False
Karnataka,Chamarajanagar,85,1025,12.058823529411764,-0.06977658176311491,False
Karnataka,Chamarajanagar *,5,51,10.2,-0.1752437275986794,False
Karnataka,Chamrajanagar,2226,12985,5.833333333333333,-0.4230025185014242,False
Karnataka,Chamrajnagar,147,1789,12.170068027210885,-0.06346471864800962,False
Karnataka,Chickmagalur,886,9598,10.832957110609481,-0.13933059284648855,False
Karnataka,Chikkaballapur,4231,31990,7.560860316709998,-0.32498496201594285,False
Karnataka,Chikkamagaluru,1805,9284,5.143490304709141,-0.4621432836963747,False
Karnataka,Chikmagalur,42,670,15.952380952380953,0.15113862726556898,False
Karnataka,Chitradurga,6123,41218,6.73166748325984,-0.37203224762834713,False
Karnataka,Dakshina Kannada,7839,48563,6.19505038908024,-0.40247917948293077,False
Karnataka,Davanagere,182,3004,16.505494505494507,0.18252154600251602,False
Karnataka,Davangere,5459,28314,5.18666422421689,-0.4596936535981062,False
Karnataka,Dharwad,11753,43366,3.689781332425764,-0.5446247746805125,False
Karnataka,Gadag,7989,20755,2.5979471773688823,-0.6065739754720879,False
Karnataka,Gadag *,149,698,4.684563758389261,-0.4881821584053944,False
Karnataka,Gulbarga,2688,21011,7.816592261904762,-0.31047507555716536,False
Karnataka,Hasan,466,8102,17.386266094420602,0.2324953407965203,False
Karnataka,Hassan,5817,33029,5.678012721334021,-0.4318152010276587,False
Karnataka,Haveri,14289,43341,3.0331723703548183,-0.5818798836588186,False
Karnataka,Haveri *,150,814,5.426666666666667,-0.4460762379595424,False
Karnataka,Kalaburagi,8200,32020,3.9048780487804877,-0.5324204764275665,False
Karnataka,Kodagu,1140,10341,9.071052631578947,-0.23929868217719133,False
Karnataka,Kolar,6189,41076,6.636936500242365,-0.37740715613524134,False
Karnataka,Koppal,8068,35331,4.379152206246902,-0.5055107989137582,False
Karnataka,Mandya,4101,36160,8.817361619117289,-0.25369276885896086,False
Karnataka,Mysore,1542,19689,12.768482490272374,-0.029511487237285215,False
Karnataka,Mysuru,4695,32490,6.920127795527157,-0.3613392631015141,False
Karnataka,Raichur,7377,40787,5.528941304053138,-0.44027331265445335,False
Karnataka,Ramanagar,3637,31197,8.577673907066263,-0.2672923271181992,False
Karnataka,Shimoga,1163,14351,12.3396388650043,-0.05384349748524732,False
Karnataka,Shivamogga,4526,20225,4.468625718073354,-0.5004341922478166,False
Karnataka,Tumakuru,4312,24113,5.592068645640074,-0.43669155223663264,False
Karnataka,Tumkur,2750,23550,8.563636363636364,-0.26808879844356637,False
Karnataka,Udupi,3944,23431,5.940922920892495,-0.41689803007530596,False
Karnataka,Uttara Kannada,4134,26497,6.409530720851476,-0.39030985406184815,False
Karnataka,Vijayanagara,2066,12626,6.111326234269119,-0.4072295753681272,False
Karnataka,Vijayapura,8945,23026,2.5741755170486305,-0.6079227474916368,False
Karnataka,Yadgir,7003,26331,3.7599600171355134,-0.5406429305421538,False
Karnataka,yadgir,217,1882,8.672811059907835,-0.2618943730820258,False
Kerala,Alappuzha,2640,34195,12.952651515151516,-0.019061984582523332,False
Kerala,Ernakulam,5733,60474,10.548403976975406,-0.15547575475567152,False
Kerala,Idukki,1528,13964,9.138743455497382,-0.23545799591247943,False
Kerala,Kannur,4639,53071,11.44018107350722,-0.1048775222690724,False
Kerala,Kasaragod,2451,25907,10.569971440228478,-0.1542520459117584,False
Kerala,Kasargod,34,1835,53.970588235294116,2.3082405513963686,True
Kerala,Kollam,4498,48602,10.805246776345042,-0.14090283992577138,False
Kerala,Kottayam,2352,27858,11.84438775510204,-0.08194337905378767,False
Kerala,Kozhikode,9275,80652,8.695633423180594,-0.2605994628995826,False
Kerala,Malappuram,10011,142379,14.222255518929177,0.05297363821928675,False
Kerala,Palakkad,3894,46102,11.839239856189009,-0.08223546391112714,False
Kerala,Pathanamthitta,1955,19080,9.759590792838875,-0.20023195340066643,False
Kerala,Thiruvananthapuram,5373,59565,11.085985482970408,-0.12497410347238946,False
Kerala,Thrissur,4994,53826,10.778133760512615,-0.14244119596097038,False
Kerala,Wayanad,1687,16378,9.708358032009484,-0.20313883131158997,False
Ladakh,Kargil,701,1788,2.550641940085592,-0.6092580109818609,False
Ladakh,Leh,674,2572,3.8160237388724036,-0.5374619504098547,False
Lakshadweep,Lakshadweep,170,1006,5.91764705882353,-0.4182186711692203,False
Madhya Pradesh,Agar Malwa,965,8919,9.242487046632125,-0.22957172414833,False
Madhya Pradesh,Alirajpur,2001,19593,9.79160419790105,-0.19841555587450974,False
Madhya Pradesh,Anuppur,3847,22348,5.809201975565376,-0.42437169927014873,False
Madhya Pradesh,Ashok Nagar,6092,38925,6.3895272488509525,-0.3914448241465901,False
Madhya Pradesh,Balaghat,13036,66256,5.082540656643142,-0.4656014847141105,False
Madhya Pradesh,Barwani,12569,70190,5.5843742541172725,-0.4371281216581032,False
Madhya Pradesh,Betul,10942,37304,3.4092487662218973,-0.56054181500376,False
Madhya Pradesh,Bhind,8411,49605,5.897634050647961,-0.4193541823237025,False
Madhya Pradesh,Bhopal,10700,80164,7.49196261682243,-0.32889412479917735,False
Madhya Pradesh,Burhanpur,3248,13295,4.093288177339901,-0.5217303392567931,False
Madhya Pradesh,Chhatarpur,11821,68037,5.755604432789104,-0.4274127517267,False
Madhya Pradesh,Chhindwara,16975,72447,4.267864506627393,-0.5118251132420201,False
Madhya Pradesh,Damoh,7014,48440,6.906187624750499,-0.36213020963356046,False
Madhya Pradesh,Datia,5168,31277,6.052051083591332,-0.41059276765725083,False
Madhya Pradesh,Dewas,5450,41799,7.66954128440367,-0.3188185501495479,False
Madhya Pradesh,Dhar,12026,75429,6.272160319308165,-0.3981040658005188,False
Madhya Pradesh,Dindori,8508,38909,4.573225199811942,-0.494499358402487,False
Madhya Pradesh,East Nimar,1078,8529,7.911873840445269,-0.3050689270011728,False
Madhya Pradesh,Guna,5429,47524,8.753729968686683,-0.2573031430819761,False
Madhya Pradesh,Gwalior,11375,70344,6.184087912087912,-0.40310117567642356,False
Madhya Pradesh,Harda,1551,8616,5.555125725338491,-0.4387876438243433,False
Madhya Pradesh,Harda *,163,1931,11.846625766871165,-0.08181639727746452,False
Madhya Pradesh,Hoshangabad,2118,10285,4.855996222851747,-0.4784553110504242,False
Madhya Pradesh,Indore,23118,163569,7.075395795484038,-0.3525295657117727,False
Madhya Pradesh,Jabalpur,9313,82738,8.884140448834962,-0.2499038279180255,False
Madhya Pradesh,Jhabua,3897,37565,9.639466256094432,-0.2070476579765952,False
Madhya Pradesh,Katni,8994,47948,5.331109628641316,-0.45149801571604814,False
Madhya Pradesh,Khandwa,4171,13559,3.2507791896427713,-0.5695331655430228,False
Madhya Pradesh,Khargone,5395,35585,6.5959221501390175,-0.3797342551714094,False
Madhya Pradesh,Maihar,195,3822,19.6,0.3580996238102828,False
Madhya Pradesh,Mandla,10371,46610,4.4942628483270655,-0.4989795759744101,False
Madhya Pradesh,Mandsaur,10108,43947,4.347744360902255,-0.5072928377963803,False
Madhya Pradesh,Mauganj,169,3917,23.17751479289941,0.5610829992741242,False
Madhya Pradesh,Morena,15081,95336,6.321596711093429,-0.3952991114519742,False
Madhya Pradesh,Narmadapuram,489,5420,11.083844580777097,-0.12509557538205107,False
Madhya Pradesh,Narsimhapur,298,3988,13.38255033557047,0.005329896018434577,False
Madhya Pradesh,Narsinghpur,3937,22260,5.654051308102616,-0.43317473937205575,False
Madhya Pradesh,Neemuch,5214,31762,6.091676256233218,-0.4083444886809761,False
Madhya Pradesh,Niwari,154,1585,10.292207792207792,-0.17001198154313416,False
Madhya Pradesh,Pandhurna,60,761,12.683333333333334,-0.03434273582574433,False
Madhya Pradesh,Panna,4984,37841,7.592495987158909,-0.323189996643465,False
Madhya Pradesh,Raisen,6174,36639,5.934402332361516,-0.41726799949448373,False
Madhya Pradesh,Rajgarh,7503,34777,4.635079301612688,-0.4909898398968699,False
Madhya Pradesh,Ratlam,11051,68372,6.1869514071124785,-0.40293870482183364,False
Madhya Pradesh,Rewa,9422,73712,7.823392061133517,-0.3100892640987002,False
Madhya Pradesh,Sagar,9874,78003,7.899837958274255,-0.3057518267601357,False
Madhya Pradesh,Satna,11697,75356,6.442335641617508,-0.388448546999714,False
Madhya Pradesh,Sehore,4566,23303,5.1035917652212,-0.46440707313965357,False
Madhya Pradesh,Seoni,10764,63519,5.901059085841695,-0.41915985043551957,False
Madhya Pradesh,Shahdol,6791,47986,7.066116919452216,-0.353056036652211,False
Madhya Pradesh,Shajapur,4315,26910,6.23638470451912,-0.4001339260441683,False
Madhya Pradesh,Sheopur,5300,33506,6.321886792452831,-0.39528265262597373,False
Madhya Pradesh,Shivpuri,7316,61614,8.421815199562603,-0.2761355404592919,False
Madhya Pradesh,Sidhi,5976,48117,8.051706827309237,-0.29713499148504996,False
Madhya Pradesh,Singrauli,8741,47963,5.487129619036724,-0.4426456514006991,False
Madhya Pradesh,Tikamgarh,8041,43127,5.363387638353439,-0.44966660487810406,False
Madhya Pradesh,Ujjain,10268,66440,6.470588235294118,-0.38684553285104606,False
Madhya Pradesh,Umaria,3692,25933,7.024106175514627,-0.3554396697337916,False
Madhya Pradesh,Vidisha,8962,40335,4.500669493416648,-0.4986160715527754,False
Madhya Pradesh,West Nimar,210,1849,8.804761904761905,-0.25440765969737533,False
Maharashtra,Ahilyanagar,200,2218,11.09,-0.1247463251780436,False
Maharashtra,Ahmadnagar,8400,219267,26.103214285714287,0.7270832516904421,False
Maharashtra,Ahmed Nagar,114,5481,48.078947368421055,1.9739567763712538,False
Maharashtra,Akola,2889,59193,20.489096573208723,0.40854576701042783,False
Maharashtra,Amravati,5974,90217,15.101606963508537,0.10286685593399611,False
Maharashtra,Aurangabad,8266,146863,17.767118315993226,0.2541043833757854,False
Maharashtra,Beed,8927,162224,18.17228632239274,0.2770930708669348,False
Maharashtra,Bhandara,1658,36236,21.85524728588661,0.486059320162488,False
Maharashtra,Bid,122,11796,96.68852459016394,4.731998779139029,True
Maharashtra,Buldana,240,22701,94.5875,4.612789471020873,True
Maharashtra,Buldhana,4282,109890,25.66324147594582,0.7021197864893004,False
Maharashtra,Chandrapur,3249,108822,33.49399815327793,1.1464263833357276,False
Maharashtra,Chatrapati Sambhaji Nagar,770,6870,8.922077922077921,-0.2477513067346864,False
Maharashtra,Chhatrapati Sambhajinagar,1424,13314,9.349719101123595,-0.22348752166737793,False
Maharashtra,Dharashiv,239,2949,12.338912133891213,-0.05388473123071826,False
Maharashtra,Dhule,3645,58263,15.984362139917696,0.15295319681268443,False
Maharashtra,Gadchiroli,2371,50327,21.226064951497257,0.4503603611337081,False
Maharashtra,Gondia,18,957,53.166666666666664,2.2626271233451223,True
Maharashtra,Gondiya,3464,60154,17.365473441108545,0.23131559362608015,False
Maharashtra,Gondiya *,27,1981,73.37037037037037,3.4089580854948025,True
Maharashtra,Hingoli,2729,93822,34.379626236716746,1.19667572909351,False
Maharashtra,Jalgaon,7782,143294,18.413518375738885,0.2907802529732006,False
Maharashtra,Jalna,4102,75438,18.39054119941492,0.28947655890654755,False
Maharashtra,Kolhapur,5819,124115,21.329266196941056,0.45621586093313093,False
Maharashtra,Latur,5957,119670,20.088970958536176,0.3858431780408505,False
Maharashtra,Mumbai,7094,128389,18.09825204398083,0.27289246552998236,False
Maharashtra,Mumbai City,4950,46925,9.47979797979798,-0.21610702112485497,False
Maharashtra,Mumbai Suburban,19869,173108,8.712466656600736,-0.2596443678860349,False
Maharashtra,Mumbai( Sub Urban ),51,3590,70.3921568627451,3.2399782585407277,True
Maharashtra,Nagpur,13044,145857,11.181922723091077,-0.11953075356059328,False
Maharashtra,Nanded,7187,229602,31.946848476415752,1.058643192507114,False
Maharashtra,Nandurbar,2966,38078,12.838165879973028,-0.025557745471276358,False
Maharashtra,Nashik,14785,231315,15.6452485627325,0.13371234875265947,False
Maharashtra,Osmanabad,3015,105818,35.0971807628524,1.2373888073688142,False
Maharashtra,Palghar,9003,113104,12.562923469954459,-0.0411746294509767,False
Maharashtra,Parbhani,4432,112397,25.36033393501805,0.6849332202078681,False
Maharashtra,Pune,32644,405834,12.43211616223502,-0.0485964600773457,False
Maharashtra,Raigad,3584,38777,10.819475446428571,-0.14009552433125627,False
Maharashtra,Raigarh,4049,81818,20.20696468263769,0.3925379831746298,False
Maharashtra,Raigarh(MH),8,845,105.625,5.239042369018365,True
Maharashtra,Ratnagiri,2652,50357,18.988310708898943,0.32339319651913273,False
Maharashtra,Sangli,3462,86422,24.963027151935297,0.6623905679496904,False
Maharashtra,Satara,3951,94272,23.860288534548214,0.599822662638487,False
Maharashtra,Sindhudurg,1069,26823,25.091674462114124,0.6696898432220866,False
Maharashtra,Solapur,7735,257811,33.33044602456367,1.137146655627373,False
Maharashtra,Thane,36090,411163,11.392712662787476,-0.1075708160200645,False
Maharashtra,Wardha,2320,28022,12.078448275862069,-0.06866310005648123,False
Maharashtra,Washim,1584,52290,33.01136363636363,1.1190423502765023,False
Maharashtra,Washim *,6,989,164.83333333333334,8.598443531926765,True
Maharashtra,Yavatmal,5104,191008,37.42319749216301,1.369363866713903,False
Manipur,Bishnupur,5183,36872,7.1140266255064635,-0.3503377043977439,False
Manipur,Chandel,1247,7742,6.2085004009623095,-0.4017160439070081,False
Manipur,Churachandpur,2734,16539,6.049378200438917,-0.4107444234507012,False
Manipur,Imphal East,7534,48486,6.435625165914521,-0.3888292903615203,False
Manipur,Imphal West,7316,52034,7.112356478950246,-0.3504324662660032,False
Manipur,Jiribam,305,1692,5.547540983606558,-0.4392179918642242,False
Manipur,Kakching,600,2725,4.541666666666667,-0.49628994710815205,False
Manipur,Kangpokpi,2,1,0.5,-0.725608675329204,False
Manipur,Pherzawl,14,162,11.571428571428571,-0.09743071584296455,False
Manipur,Senapati,4776,20734,4.341289782244556,-0.5076590619041708,False
Manipur,Tamenglong,2211,8220,3.717774762550882,-0.5430364651230271,False
Manipur,Thoubal,7639,51605,6.7554653750490905,-0.3706819872705443,False
Manipur,Ukhrul,1903,13273,6.974776668418287,-0.3582385595889101,False
Meghalaya,East Garo Hills,251,6094,24.278884462151396,0.6235732323101917,False
Meghalaya,East Jaintia Hills,445,2949,6.626966292134831,-0.3779728523274027,False
Meghalaya,East Khasi Hills,1876,14484,7.720682302771855,-0.31591687758242504,False
Meghalaya,Eastern West Khasi Hills,49,257,5.244897959183674,-0.4563895498351013,False
Meghalaya,Jaintia Hills,1,24,24.0,0.6077497031932011,False
Meghalaya,North Garo Hills,182,3650,20.054945054945055,0.3839125940561689,False
Meghalaya,Ri Bhoi,866,7350,8.48729792147806,-0.2724201389310184,False
Meghalaya,South Garo Hills,250,3754,15.016,0.09800963201680589,False
Meghalaya,South West Garo Hills,493,6689,13.567951318458418,0.015849298312899898,False
Meghalaya,South West Khasi Hills,643,4097,6.371695178849144,-0.3924565918037522,False
Meghalaya,West Garo Hills,1141,13829,12.120070113935144,-0.06630153297034347,False
Meghalaya,West Jaintia Hills,898,6562,7.307349665924276,-0.33936881521891343,False
Meghalaya,West Khasi Hills,1331,9213,6.921863260706236,-0.3612407951424861,False
Mizoram,Aizawl,1533,11359,7.4096542726679715,-0.3335641894928221,False
Mizoram,Champhai,576,5893,10.230902777777779,-0.17349034557018503,False
Mizoram,Hnahthial,4,43,10.75,-0.14403746767581457,False
Mizoram,Khawzawl,8,27,3.375,-0.5624850439142289,False
Mizoram,Kolasib,678,3189,4.70353982300885,-0.48710548203297266,False
Mizoram,Lawngtlai,391,4004,10.240409207161125,-0.1729509635587758,False
Mizoram,Lunglei,1087,6236,5.7368905243790245,-0.42847455370855025,False
Mizoram,Mamit,330,1479,4.4818181818181815,-0.49968566960664573,False
Mizoram,Mammit,35,601,17.17142857142857,0.22030574882620435,False
Mizoram,Saiha,215,1636,7.609302325581395,-0.32223642761589455,False
Mizoram,Saitual,8,119,14.875,0.09000948174567146,False
Mizoram,Serchhip,437,2018,4.617848970251716,-0.49196746571324734,False
Nagaland,Chumukedima,254,1583,6.232283464566929,-0.40036662488044855,False
Nagaland,Dimapur,817,7398,9.055079559363525,-0.2402049728014116,False
Nagaland,Kiphire,261,1697,6.501915708812261,-0.3850680541577118,False
Nagaland,Kohima,276,3032,10.985507246376812,-0.13067510341371827,False
Nagaland,Longleng,132,688,5.212121212121212,-0.45824925835920544,False
Nagaland,Meluri,8,88,11.0,-0.12985280407451238,False
Nagaland,Mokokchung,189,2507,13.264550264550264,-0.0013652692309709293,False
Nagaland,Mon,837,3825,4.56989247311828,-0.4946884528305857,False
Nagaland,Niuland,57,316,5.543859649122807,-0.4394268658292477,False
Nagaland,Noklak,62,385,6.209677419354839,-0.4016492614672058,False
Nagaland,Peren,391,1413,3.6138107416879794,-0.5489352437733431,False
Nagaland,Phek,155,1313,8.470967741935484,-0.27334669134445966,False
Nagaland,Shamator,51,382,7.490196078431373,-0.32899435581044106,False
Nagaland,Tseminyu,7,84,12.0,-0.07311414966930364,False
Nagaland,Tuensang,464,3775,8.135775862068966,-0.2923650275756382,False
Nagaland,Wokha,132,1773,13.431818181818182,0.008125287319972484,False
Nagaland,Zunheboto,221,2218,10.036199095022624,-0.18453757053745112,False
ODISHA,NUAPADA,3,47,15.666666666666666,0.134927583149795,False
Odisha,ANGUL,1,8,8.0,-0.3000687672901386,False
Odisha,ANUGUL,4,141,35.25,1.2460595652517994,False
Odisha,Angul,4007,25448,6.35088594958822,-0.3936372794712265,False
Odisha,Anugul,75,1383,18.44,0.29228278470024066,False
Odisha,Balangir,4999,32805,6.562312462492499,-0.38164122362345226,False
Odisha,Baleshwar,767,9516,12.40677966101695,-0.05003401906379497,False
Odisha,Baleswar,8027,35181,4.382832938831444,-0.5053019590996858,False
Odisha,Bargarh,4540,30165,6.644273127753304,-0.3769908857623984,False
Odisha,Baudh,59,1067,18.084745762711865,0.2721261373047631,False
Odisha,Bhadrak,6869,33174,4.829523948172951,-0.47995731229474414,False
Odisha,Boudh,1352,7835,5.795118343195266,-0.4251707856199664,False
Odisha,Cuttack,5831,42805,7.34093637454982,-0.3374631505656003,False
Odisha,Debagarh,1020,6962,6.825490196078431,-0.3667088731503739,False
Odisha,Dhenkanal,4436,24867,5.605725879170424,-0.43591665918322287,False
Odisha,Gajapati,3254,18050,5.547019053472649,-0.43924760547771574,False
Odisha,Ganjam,12562,82023,6.529453908613278,-0.38350557375626027,False
Odisha,JAJPUR,2586,15996,6.185614849187935,-0.40301453932000686,False
Odisha,Jagatsinghapur,2499,13109,5.245698279311725,-0.4563441407479424,False
Odisha,Jagatsinghpur,230,4943,21.491304347826087,0.4654096875766558,False
Odisha,Jajapur,3818,22431,5.875065479308539,-0.42063469269334924,False
Odisha,Jajpur,6,229,38.166666666666664,1.4115473072669915,False
Odisha,Jharsuguda,1824,14847,8.139802631578947,-0.292136554092042,False
Odisha,Kalahandi,5491,41886,7.628118739755965,-0.3211688095948984,False
Odisha,Kandhamal,4717,27055,5.73563705745177,-0.42854567373534413,False
Odisha,Kendrapara,5322,34358,6.4558436677940625,-0.387682119770786,False
Odisha,Kendujhar,7193,46872,6.5163353260114,-0.38424990448079444,False
Odisha,Khorda,5724,31869,5.567610062893082,-0.4380792993103554,False
Odisha,Khordha,179,4429,24.743016759776538,0.6499074743434401,False
Odisha,Koraput,4920,36510,7.420731707317073,-0.33293567075657043,False
Odisha,Malkangiri,3367,17487,5.193644193644194,-0.4592976195250116,False
Odisha,Mayurbhanj,9764,61707,6.31984842277755,-0.3953983069785295,False
Odisha,NUAPADA,6,297,49.5,2.054585390526024,True
Odisha,Nabarangapur,4234,37588,8.877657061880019,-0.2502716865698373,False
Odisha,Nayagarh,3399,19496,5.735804648426008,-0.4285361648489754,False
Odisha,Nuapada,2464,15426,6.2605519480519485,-0.39876270916543266,False
Odisha,Puri,3861,26976,6.986790986790987,-0.35755688333084734,False
Odisha,Rayagada,4156,27317,6.572906641000962,-0.38104012419035344,False
Odisha,Sambalpur,3679,26399,7.175591193259038,-0.34684461366442454,False
Odisha,Sonapur,2173,10990,5.057524160147262,-0.4670208870632194,False
Odisha,Subarnapur,290,4019,13.858620689655172,0.032341487311411884,False
Odisha,Sundargarh,398,6626,16.64824120603015,0.19062080171169168,False
Odisha,Sundergarh,5523,37152,6.726778924497555,-0.37230961787449995,False
Odisha,jajpur,17,137,8.058823529411764,-0.2967311993839498,False
Orissa,Anugul,15,195,13.0,-0.016375495264094913,False
Orissa,Balangir,241,4549,18.87551867219917,0.3169935281291647,False
Orissa,Baleshwar,241,1763,7.3153526970954355,-0.33891473399909894,False
Orissa,Bargarh,44,722,16.40909090909091,0.1770517356627531,False
Orissa,Bhadrak,245,2362,9.640816326530611,-0.2069710567966941,False
Orissa,Cuttack,97,1938,19.97938144329897,0.37962521640937225,False
Orissa,Dhenkanal,46,634,13.782608695652174,0.028028669053024962,False
Orissa,Gajapati,1,63,63.0,2.8205572249963415,True
Orissa,Ganjam,328,3926,11.96951219512195,-0.07484398669385273,False
Orissa,Jagatsinghapur,3,78,26.0,0.7212270120036186,False
Orissa,Jajapur,51,433,8.490196078431373,-0.2722557014052323,False
Orissa,Jharsuguda,12,103,8.583333333333334,-0.2669712188871001,False
Orissa,Kandhamal,12,261,21.75,0.4800877307814815,False
Orissa,Kendrapara,18,221,12.277777777777779,-0.057353412334523395,False
Orissa,Kendujhar,12,361,30.083333333333332,0.9529098508248875,False
Orissa,Khordha,205,3843,18.746341463414634,0.3096641871229094,False
Orissa,Koraput,31,799,25.774193548387096,0.7084150577830876,False
Orissa,Malkangiri,15,203,13.533333333333333,0.013885120418683072,False
Orissa,Mayurbhanj,6,44,7.333333333333333,-0.3378945368936111,False
Orissa,Nabarangapur,1,13,13.0,-0.016375495264094913,False
Orissa,Nayagarh,47,570,12.127659574468085,-0.06587091719204297,False
Orissa,Puri,115,1911,16.617391304347827,0.18887041980170366,False
Orissa,Rayagada,23,875,38.04347826086956,1.4045577628837411,False
Orissa,Sambalpur,11,231,21.0,0.43753373997757494,False
Orissa,Sonapur,10,94,9.4,-0.22063465112284633,False
Orissa,Subarnapur,4,47,11.75,-0.08729881327060583,False
Orissa,Sundargarh,19,617,32.473684210526315,1.0885351431531278,False
Pondicherry,Karaikal,34,870,25.58823529411765,0.6978640366602975,False
Pondicherry,Pondicherry,572,5755,10.061188811188812,-0.18311968766821354,False
Pondicherry,Yanam,1,227,227.0,12.125696547450575,True
Puducherry,Karaikal,1337,4081,3.0523560209424083,-0.580791429137899,False
Puducherry,Pondicherry,6,21,3.5,-0.5553927121135779,False
Puducherry,Puducherry,2736,17038,6.22733918128655,-0.4006471568607754,False
Puducherry,Yanam,10,75,7.5,-0.32843809449274297,False
Punjab,Amritsar,6399,92676,14.482887951242382,0.06776157172309465,False
Punjab,Barnala,677,12827,18.94682422451994,0.3210393092194654,False
Punjab,Bathinda,2044,35376,17.307240704500977,0.2280115465086338,False
Punjab,Faridkot,826,13896,16.82324455205811,0.20055025608172727,False
Punjab,Fatehgarh Sahib,932,14414,15.465665236051501,0.12352303244316865,False
Punjab,Fazilka,2036,29626,14.551080550098233,0.07163072802256976,False
Punjab,Ferozepur,1875,26320,14.037333333333333,0.04248140223890825,False
Punjab,Firozpur,159,6365,40.0314465408805,1.517352408091799,False
Punjab,Gurdaspur,4847,67125,13.848772436558695,0.03178271068247585,False
Punjab,Hoshiarpur,3118,43431,13.92912123155869,0.03634159319385556,False
Punjab,Jalandhar,2995,48136,16.072120200333888,0.15793247107391017,False
Punjab,Kapurthala,771,13101,16.992217898832685,0.21013757640806136,False
Punjab,Ludhiana,7364,112339,15.255160239000544,0.11157926216492488,False
Punjab,Malerkotla,1037,14062,13.560270009643201,0.01541347118665363,False
Punjab,Mansa,1368,22187,16.218567251461987,0.16624167969652934,False
Punjab,Moga,1304,22742,17.440184049079754,0.23555457299216162,False
Punjab,Muktsar,102,3449,33.81372549019608,1.164567282209024,False
Punjab,Nawanshahr,27,2931,108.55555555555556,5.405318147900295,True
Punjab,Pathankot,1276,13220,10.360501567398119,-0.16613708463458318,False
Punjab,Patiala,7390,81662,11.050338294993233,-0.12699667695154387,False
Punjab,Rupnagar,1006,12699,12.623260437375745,-0.03775119110860203,False
Punjab,S.A.S Nagar(Mohali),50,2271,45.42,1.8230916805527724,False
Punjab,SAS Nagar (Mohali),4590,53482,11.651851851851852,-0.09286760712889483,False
Punjab,Sangrur,1404,28511,20.306980056980056,0.3982127209346489,False
Punjab,Shaheed Bhagat Singh Nagar,569,5775,10.1493848857645,-0.17811556107296758,False
Punjab,Sri Muktsar Sahib,1544,20147,13.04857512953368,-0.01361940777679523,False
Punjab,Tarn Taran,1156,26259,22.715397923875432,0.5348631099477557,False
Rajasthan,Ajmer,12323,111713,9.06540615109957,-0.2396190558817165,False
Rajasthan,Alwar,15411,129333,8.392252287327233,-0.2778129003198261,False
Rajasthan,Balotra,26,477,18.346153846153847,0.28695808020990565,False
Rajasthan,Banswara,5054,96240,19.042342698852394,0.3264588989239273,False
Rajasthan,Baran,6373,72385,11.35807312097913,-0.10953621701148303,False
Rajasthan,Barmer,9913,101808,10.270150307676788,-0.17126349353498702,False
Rajasthan,Beawar,24,486,20.25,0.3949797491736684,False
Rajasthan,Bharatpur,9983,95080,9.52419112491235,-0.21358821380625037,False
Rajasthan,Bhilwara,7046,90693,12.871558330967925,-0.023663102734533998,False
Rajasthan,Bikaner,9014,72638,8.058353672065676,-0.2967578584575293,False
Rajasthan,Bundi,4316,44385,10.283827618164967,-0.17048746134200551,False
Rajasthan,Chittaurgarh,86,1979,23.011627906976745,0.5516708005834019,False
Rajasthan,Chittorgarh,5411,56413,10.42561448900388,-0.16244266507828042,False
Rajasthan,Churu,8045,68052,8.458918582970789,-0.2740303444108309,False
Rajasthan,Dausa,6047,44220,7.312717049776749,-0.3390642770814479,False
Rajasthan,Deeg,22,226,10.272727272727273,-0.17111728000557325,False
Rajasthan,Deeg ,95,956,10.063157894736841,-0.1830079645172869,False
Rajasthan,Dhaulpur,15,473,31.533333333333335,1.0351808997124403,False
Rajasthan,Dholpur,8855,68700,7.758328627893845,-0.3137808757517023,False
Rajasthan,Didwana-Kuchaman,66,654,9.909090909090908,-0.19174951797110376,False
Rajasthan,Dungarpur,4330,90978,21.01108545034642,0.4381627135137066,False
Rajasthan,Ganganagar,5528,63690,11.521345875542691,-0.10027234061651467,False
Rajasthan,Hanumangarh,6898,70339,10.1970136271383,-0.17541317037640441,False
Rajasthan,Jaipur,29544,245796,8.31965881397238,-0.2819317563165808,False
Rajasthan,Jaisalmer,2104,19280,9.163498098859316,-0.23405345075784245,False
Rajasthan,Jalor,4265,62425,14.636576787807737,0.0764816695069149,False
Rajasthan,Jalore,57,979,17.17543859649123,0.22053327225239075,False
Rajasthan,Jhalawar,6231,74861,12.01428342160167,-0.0723037275473226,False
Rajasthan,Jhunjhunu,140,2602,18.585714285714285,0.30055041719928527,False
Rajasthan,Jhunjhunun,5831,48821,8.372663351054708,-0.2789243502051585,False
Rajasthan,Jodhpur,11482,128488,11.19038495035708,-0.1190506181722492,False
Rajasthan,Karauli,7277,51169,7.0316064312216575,-0.35501411531727967,False
Rajasthan,Khairthal-Tijara,73,984,13.479452054794521,0.010827969176758621,False
Rajasthan,Kota,9075,83991,9.255206611570248,-0.2288500331491212,False
Rajasthan,Kotputli-Behror,49,480,9.795918367346939,-0.19817077570527392,False
Rajasthan,Nagaur,10343,93084,8.999709948757614,-0.2433465700021314,False
Rajasthan,Pali,5398,60939,11.289181178214154,-0.11344505314332844,False
Rajasthan,Phalodi,14,190,13.571428571428571,0.01604659296745292,False
Rajasthan,Pratapgarh,3448,45108,13.082366589327146,-0.01170212581772624,False
Rajasthan,Rajsamand,4623,42547,9.203331170235778,-0.23179337588711538,False
Rajasthan,Salumbar,20,193,9.65,-0.20644998752154414,False
Rajasthan,Sawai Madhopur,4617,40538,8.7801602772363,-0.2558035229393563,False
Rajasthan,Sikar,9034,69303,7.671352667699801,-0.31871577469871337,False
Rajasthan,Sirohi,3803,37490,9.858006836707862,-0.19464795949965613,False
Rajasthan,Tonk,5975,50653,8.477489539748953,-0.27297665331222054,False
Rajasthan,Udaipur,8940,118552,13.260850111856824,-0.0015752109158905451,False
Sikkim,East,406,5461,13.450738916256158,0.009198824332341577,False
Sikkim,East Sikkim,349,3164,9.065902578796562,-0.23959088924217967,False
Sikkim,Namchi,6,276,46.0,1.8560001001077933,False
Sikkim,North,46,397,8.630434782608695,-0.2642987460346809,False
Sikkim,North Sikkim,59,387,6.559322033898305,-0.38181089651798167,False
Sikkim,South,156,3583,22.96794871794872,0.5491925021724409,False
Sikkim,South Sikkim,133,1276,9.593984962406015,-0.20962820538108404,False
Sikkim,West,194,2359,12.15979381443299,-0.06404766365610022,False
Sikkim,West Sikkim,206,1815,8.810679611650485,-0.25407189697135285,False
Tamil Nadu,Ariyalur,4536,18815,4.147927689594356,-0.5186301668541183,False
Tamil Nadu,Chengalpattu,2251,19282,8.565970679697912,-0.26795635249127764,False
Tamil Nadu,Chennai,17927,130441,7.2762313828303675,-0.3411344247290622,False
Tamil Nadu,Coimbatore,13326,104412,7.835209365150833,-0.3094187661700604,False
Tamil Nadu,Cuddalore,11218,70377,6.2735781779283295,-0.39802361841027384,False
Tamil Nadu,Dharmapuri,7202,34178,4.745626214940295,-0.48471755678601225,False
Tamil Nadu,Dindigul,8508,49069,5.767395392571697,-0.42674374853448976,False
Tamil Nadu,Erode,7821,60588,7.746835443037975,-0.3144329835952547,False
Tamil Nadu,Kallakurichi,1585,9205,5.807570977917981,-0.424464239882,False
Tamil Nadu,Kancheepuram,19692,121601,6.175147267926062,-0.4036084557956827,False
Tamil Nadu,Kanniyakumari,6227,32451,5.2113377228199775,-0.45829371248789835,False
Tamil Nadu,Kanyakumari,4020,16676,4.1482587064676615,-0.5186113854021416,False
Tamil Nadu,Karur,3590,23754,6.616713091922006,-0.3785546051108256,False
Tamil Nadu,Krishnagiri,9282,52627,5.669790993320405,-0.4322816908120368,False
Tamil Nadu,Madurai,15130,90922,6.009385327164574,-0.41301356526608546,False
Tamil Nadu,Mayiladuthurai,470,3132,6.663829787234042,-0.3758812672188005,False
Tamil Nadu,Nagapattinam,3961,34068,8.600858369098713,-0.26597687193936936,False
Tamil Nadu,Namakkal,9009,36807,4.085581085581086,-0.5221676292725657,False
Tamil Nadu,Perambalur,3307,12354,3.735712125793771,-0.542018723269048,False
Tamil Nadu,Pudukkottai,7347,44710,6.085477065468899,-0.4086962224233448,False
Tamil Nadu,Ramanathapuram,5157,33134,6.425053325576886,-0.38942912235686444,False
Tamil Nadu,Ranipet,190,1200,6.315789473684211,-0.39562860628838487,False
Tamil Nadu,Salem,15487,90884,5.8684057596694,-0.42101255622438993,False
Tamil Nadu,Sivaganga,5391,28905,5.3617139677239845,-0.4497615666975368,False
Tamil Nadu,Tenkasi,1825,8195,4.49041095890411,-0.4991981269971862,False
Tamil Nadu,Thanjavur,11625,65210,5.609462365591398,-0.4357046559714935,False
Tamil Nadu,The Nilgiris,2420,12853,5.311157024793388,-0.45263009961025974,False
Tamil Nadu,Theni,4918,33858,6.884505896705978,-0.36336040170798634,False
Tamil Nadu,Thiruvallur,104,1719,16.528846153846153,0.18384648710813203,False
Tamil Nadu,Thiruvarur,5041,32739,6.494544733187859,-0.38548627339629393,False
Tamil Nadu,Thoothukkudi,6827,37868,5.546799472681998,-0.43926006419631053,False
Tamil Nadu,Tiruchirappalli,11294,62387,5.523906499026031,-0.440558980716884,False
Tamil Nadu,Tirunelveli,14714,65176,4.429522903357347,-0.5026528333382592,False
Tamil Nadu,Tirupathur,10,83,8.3,-0.2830471709685759,False
Tamil Nadu,Tirupattur,1189,8163,6.865433137089991,-0.3644425644243914,False
Tamil Nadu,Tiruppur,12574,73372,5.835215524097344,-0.42289572553014027,False
Tamil Nadu,Tiruvallur,18319,130089,7.1013155739942135,-0.3510589123566243,False
Tamil Nadu,Tiruvannamalai,9251,55967,6.049832450545887,-0.4107186499108683,False
Tamil Nadu,Vellore,11895,77505,6.515762925598991,-0.38428238170997553,False
Tamil Nadu,Villupuram,9988,29580,2.961553864637565,-0.5859434213037273,False
Tamil Nadu,Viluppuram,2249,33539,14.912850155624723,0.09215704864484596,False
Tamil Nadu,Virudhunagar,8761,48681,5.556557470608378,-0.4387064085242789,False
Telangana,Adilabad,6413,39597,6.174489318571651,-0.40364578695671877,False
Telangana,Bhadradri Kothagudem,5559,28170,5.0674581759309225,-0.46645724437481434,False
Telangana,Hanumakonda,1914,17061,8.913793103448276,-0.2482213761957237,False
Telangana,Hyderabad,31935,184522,5.778049162361046,-0.4261392679722993,False
Telangana,Jagitial,1965,14334,7.294656488549618,-0.34008900902327815,False
Telangana,Jangaon,93,709,7.623655913978495,-0.3214220243243569,False
Telangana,Jangoan,1561,15339,9.8263933376041,-0.1964416668998438,False
Telangana,Jayashankar Bhupalpally,1380,14881,10.783333333333333,-0.14214617919564093,False
Telangana,Jogulamba Gadwal,6843,26733,3.906619903551074,-0.5323216459317142,False
Telangana,K.v. Rangareddy,31619,165711,5.240867832632278,-0.4566182137927102,False
Telangana,Kamareddy,3541,20904,5.903417113809659,-0.4190260591015674,False
Telangana,Karimnagar,9393,68602,7.303523900777175,-0.3395858839854303,False
Telangana,Khammam,8152,45656,5.600588812561335,-0.43620812943021253,False
Telangana,Komaram Bheem,3729,23729,6.363368195226602,-0.39292905364974945,False
Telangana,Mahabubabad,2613,20797,7.959050899349407,-0.3023921641601567,False
Telangana,Mahabubnagar,22869,73557,3.2164502164502164,-0.5714809452890808,False
Telangana,Mancherial,3062,24061,7.857935989549314,-0.308129288082518,False
Telangana,Medak,8929,46040,5.15623250083996,-0.46142030863374484,False
Telangana,Medchal-malkajgiri,13782,71470,5.185749528370338,-0.4597455522096297,False
Telangana,Medchal?malkajgiri,89,261,2.932584269662921,-0.5875871171412524,False
Telangana,Medchal−malkajgiri,425,1252,2.9458823529411764,-0.586832601789876,False
Telangana,Mulugu,1318,10380,7.8755690440060695,-0.30712881229958794,False
Telangana,Nagarkurnool,2811,17359,6.175382426182853,-0.4035951132326201,False
Telangana,Nalgonda,10853,66588,6.135446420344605,-0.40586102846620087,False
Telangana,Narayanpet,2346,14386,6.1321398124467175,-0.40604864094897264,False
Telangana,Nirmal,4519,29327,6.489710112856827,-0.3857605832484368,False
Telangana,Nizamabad,11080,55895,5.044675090252707,-0.46774992599939497,False
Telangana,Peddapalli,919,9008,9.80195865070729,-0.19782805815518142,False
Telangana,Rajanna Sircilla,1426,9739,6.829593267882188,-0.36647607037730084,False
Telangana,Rangareddy,734,4828,6.577656675749319,-0.38077061361035375,False
Telangana,Sangareddy,6437,30851,4.792760602765263,-0.4820432150446103,False
Telangana,Siddipet,4466,31495,7.052171965965069,-0.35384725454881494,False
Telangana,Suryapet,4565,41224,9.030449069003286,-0.24160247368179205,False
Telangana,Vikarabad,8873,51676,5.823960329088245,-0.4235343301500248,False
Telangana,Wanaparthy,4167,21013,5.042716582673386,-0.46786104908408804,False
Telangana,Warangal,5476,23625,4.31428049671293,-0.5091915324216814,False
Telangana,Warangal (urban),11,110,10.0,-0.1865914584797211,False
Telangana,Warangal Rural,1082,16618,15.358595194085028,0.11744802233488172,False
Telangana,Warangal Urban,1821,13757,7.554640307523339,-0.3253378769675819,False
Telangana,Yadadri.,3489,36383,10.427916308397823,-0.16231206294318434,False
Tripura,Dhalai,1334,14091,10.56296851574213,-0.1546493824240151,False
Tripura,Dhalai  *,14,378,27.0,0.7779656664088274,False
Tripura,Gomati,1461,8300,5.68104038329911,-0.43164341556176566,False
Tripura,Khowai,514,2997,5.830739299610895,-0.42314970048431705,False
Tripura,North Tripura,1058,13873,13.112476370510397,-0.00999373734895331,False
Tripura,Sepahijala,1094,14231,13.008226691042047,-0.01590872388416177,False
Tripura,South Tripura,2536,28143,11.097397476340694,-0.12432660232447824,False
Tripura,Unakoti,499,3144,6.30060120240481,-0.39649036836351936,False
Tripura,West Tripura,3281,41065,12.516001219140506,-0.04383693482382411,False
Uttar Pradesh,Agra,18477,157476,8.522812144828706,-0.27040510968585674,False
Uttar Pradesh,Aligarh,15788,170674,10.810362300481378,-0.1406125919696983,False
Uttar Pradesh,Allahabad,18792,167503,8.913527032779907,-0.24823647268742366,False
Uttar Pradesh,Ambedkar Nagar,8036,67720,8.427078148332503,-0.2758369278278842,False
Uttar Pradesh,Amethi,7282,68998,9.475144191156275,-0.21637107083027152,False
Uttar Pradesh,Amroha,7277,83025,11.409234574687371,-0.10663338497066305,False
Uttar Pradesh,Auraiya,5621,46178,8.215264187866927,-0.2878549669289391,False
Uttar Pradesh,Ayodhya,1751,13526,7.7247287264420335,-0.31568728894822573,False
Uttar Pradesh,Azamgarh,17812,141977,7.9708623399955085,-0.3017219989113099,False
Uttar Pradesh,Baghpat,5208,49700,9.543010752688172,-0.21252041344984338,False
Uttar Pradesh,Baghpat *,1,2,2.0,-0.640500693721391,False
Uttar Pradesh,Bagpat,2,8,4.0,-0.5270233849109736,False
Uttar Pradesh,Bahraich,10401,119296,11.469666378232862,-0.10320456575421197,False
Uttar Pradesh,Ballia,12808,92140,7.193941286695815,-0.34580345405461194,False
Uttar Pradesh,Balrampur,5318,72758,13.68145919518616,0.02228958250282435,False
Uttar Pradesh,Banda,5285,64150,12.138126773888363,-0.06527702238154541,False
Uttar Pradesh,Bara Banki,8729,101238,11.597892083858403,-0.09592921175686038,False
Uttar Pradesh,Barabanki,161,4799,29.80745341614907,0.937256795546432,False
Uttar Pradesh,Bareilly,21442,220300,10.274228150359109,-0.171032122228316,False
Uttar Pradesh,Basti,8964,75846,8.461178045515394,-0.273902145546371,False
Uttar Pradesh,Bhadohi,1463,10317,7.0519480519480515,-0.353859959128843,False
Uttar Pradesh,Bijnor,17345,209514,12.079215912366676,-0.06861954539413752,False
Uttar Pradesh,Budaun,14396,156943,10.901847735482079,-0.13542183149008333,False
Uttar Pradesh,Bulandshahar,28,635,22.678571428571427,0.5327736241577467,False
Uttar Pradesh,Bulandshahr,18691,156066,8.349794018511583,-0.2802219253608007,False
Uttar Pradesh,Chandauli,10053,83550,8.310951954640405,-0.2824257717991725,False
Uttar Pradesh,Chandauli *,1,0,0.0,-0.7539780025318085,False
Uttar Pradesh,Chitrakoot,3931,40615,10.331976596285932,-0.16775555311243612,False
Uttar Pradesh,Deoria,12422,96829,7.794960553856062,-0.31170242956433486,False
Uttar Pradesh,Etah,6180,55711,9.014724919093851,-0.24249464078931918,False
Uttar Pradesh,Etawah,6640,55440,8.349397590361447,-0.28024441816060774,False
Uttar Pradesh,Faizabad,6794,63185,9.300117750956726,-0.22630183553252764,False
Uttar Pradesh,Farrukhabad,6288,63850,10.154262086513995,-0.17783883526517713,False
Uttar Pradesh,Fatehpur,9425,97695,10.36551724137931,-0.16585250204195517,False
Uttar Pradesh,Firozabad,11620,127581,10.979432013769364,-0.13101980393706356,False
Uttar Pradesh,Gautam Buddha Nagar,15292,138699,9.07003662045514,-0.2393563292812169,False
Uttar Pradesh,Ghaziabad,20582,219179,10.649062287435623,-0.14976453766545705,False
Uttar Pradesh,Ghazipur,16498,111342,6.7488180385501275,-0.3710591481988741,False
Uttar Pradesh,Gonda,10986,114930,10.461496450027308,-0.160406770892391,False
Uttar Pradesh,Gorakhpur,18079,140786,7.78726699485591,-0.31213895174959055,False
Uttar Pradesh,Hamirpur,2986,39454,13.212993971868721,-0.004290503903842773,False
Uttar Pradesh,Hapur,4518,39764,8.801239486498451,-0.25460751696989603,False
Uttar Pradesh,Hardoi,11832,132119,11.166244083840432,-0.12042033845457956,False
Uttar Pradesh,Hathras,5978,54680,9.146871863499499,-0.2349968009799828,False
Uttar Pradesh,Jalaun,4466,56207,12.585535154500672,-0.03989167289598952,False
Uttar Pradesh,Jaunpur,19038,136703,7.180533669503099,-0.3465641842129068,False
Uttar Pradesh,Jhansi,5591,66250,11.84940082275085,-0.08165894434095196,False
Uttar Pradesh,Jyotiba Phule Nagar,6,599,99.83333333333333,4.910430995588196,True
Uttar Pradesh,Kannauj,6283,53404,8.499761260544325,-0.27171298584300263,False
Uttar Pradesh,Kanpur Dehat,7310,64779,8.861696306429549,-0.25117727835738757,False
Uttar Pradesh,Kanpur Nagar,13567,156558,11.539618191199233,-0.09923559401329524,False
Uttar Pradesh,Kasganj,4352,45355,10.421645220588236,-0.1626678760271572,False
Uttar Pradesh,Kaushambi,8798,68214,7.753353034780632,-0.31406318420981383,False
Uttar Pradesh,Kheri,12160,170938,14.057401315789473,0.04362003256009699,False
Uttar Pradesh,Kushinagar,18705,148550,7.9417268110130985,-0.3033751096211558,False
Uttar Pradesh,Kushinagar *,6,134,22.333333333333332,0.5131852791845198,False
Uttar Pradesh,Lalitpur,4072,42730,10.49361493123772,-0.1585844114869732,False
Uttar Pradesh,Lucknow,15779,193697,12.275619494264529,-0.05747587043689014,False
Uttar Pradesh,Maharajganj,11712,97186,8.297984972677595,-0.28316150090743897,False
Uttar Pradesh,Mahoba,2633,29671,11.268894796809724,-0.11459607512696665,False
Uttar Pradesh,Mahrajganj,7,37,5.285714285714286,-0.4540736863899909,False
Uttar Pradesh,Mainpuri,6552,62889,9.598443223443223,-0.20937524964884574,False
Uttar Pradesh,Mathura,11308,97981,8.664750619030775,-0.2623517116513029,False
Uttar Pradesh,Mau,9992,77708,7.777021617293835,-0.312720260686336,False
Uttar Pradesh,Meerut,13508,153711,11.379256736748593,-0.10833428715728675,False
Uttar Pradesh,Mirzapur,8758,78518,8.965288878739438,-0.24529957519815018,False
Uttar Pradesh,Moradabad,13369,150136,11.230159323808811,-0.1167938737427877,False
Uttar Pradesh,Muzaffarnagar,12022,123611,10.282066211944768,-0.17058740116080057,False
Uttar Pradesh,Pilibhit,11012,125251,11.374046494733019,-0.10862990927837589,False
Uttar Pradesh,Pratapgarh,10372,94358,9.09737755495565,-0.23780504144747705,False
Uttar Pradesh,Prayagraj,3121,25906,8.300544697212432,-0.2830162655816843,False
Uttar Pradesh,Rae Bareli,10271,97982,9.539674812579106,-0.21270969020280817,False
Uttar Pradesh,Raebareli,1,13,13.0,-0.016375495264094913,False
Uttar Pradesh,Rampur,12350,143168,11.59255060728745,-0.09623227995003321,False
Uttar Pradesh,Saharanpur,13397,154417,11.526237217287452,-0.0999948124676809,False
Uttar Pradesh,Sambhal,8117,91472,11.269188123691018,-0.11457943215442112,False
Uttar Pradesh,Sant Kabir Nagar,7684,71522,9.307912545549193,-0.22585956937598609,False
Uttar Pradesh,Sant Ravidas Nagar,5889,43274,7.348276447614196,-0.3370466846966917,False
Uttar Pradesh,Sant Ravidas Nagar Bhadohi,20,277,13.85,0.03185236098033249,False
Uttar Pradesh,Shahjahanpur,13197,136275,10.326210502386907,-0.16808271352144089,False
Uttar Pradesh,Shamli,7228,68386,9.46126175982291,-0.21715874130399931,False
Uttar Pradesh,Shrawasti,4345,58376,13.435212888377446,0.008317898402245692,False
Uttar Pradesh,Siddharthnagar,9289,84354,9.081063623640866,-0.23873067195833686,False
Uttar Pradesh,Sitapur,12130,157192,12.958944765045342,-0.018704914051711926,False
Uttar Pradesh,Sonbhadra,6874,65203,9.485452429444283,-0.21578619526052167,False
Uttar Pradesh,Sultanpur,9519,73102,7.679588192036979,-0.3182485021295005,False
Uttar Pradesh,Unnao,9141,115402,12.624658133683404,-0.037671887700838305,False
Uttar Pradesh,Varanasi,15174,144324,9.511269276393831,-0.21432138210361912,False
Uttarakhand,Almora,1843,13943,7.565382528486164,-0.3247283778048278,False
Uttarakhand,Bageshwar,934,5994,6.417558886509636,-0.38985434674506203,False
Uttarakhand,Chamoli,1179,10611,9.0,-0.24333011288492984,False
Uttarakhand,Champawat,1372,11133,8.114431486880466,-0.2935760787029536,False
Uttarakhand,Dehradun,7573,75049,9.910075267397332,-0.19169366680534472,False
Uttarakhand,Garhwal,16,388,24.25,0.6219343667945033,False
Uttarakhand,Hardwar,32,1155,36.09375,1.2939328049061942,False
Uttarakhand,Haridwar,6779,62121,9.163740964744063,-0.234039670874341,False
Uttarakhand,Nainital,6093,43007,7.0584277039225345,-0.3534923123947968,False
Uttarakhand,Pauri Garhwal,2138,18992,8.883068288119738,-0.2499646608743135,False
Uttarakhand,Pithoragarh,1538,13164,8.559167750325097,-0.2683423415499049,False
Uttarakhand,Rudraprayag,830,7004,8.43855421686747,-0.2751857911413483,False
Uttarakhand,Tehri Garhwal,2715,23151,8.52707182320442,-0.27016342126661974,False
Uttarakhand,Udham Singh Nagar,15488,119374,7.707515495867769,-0.31666394448897606,False
Uttarakhand,Uttarkashi,1396,8625,6.17836676217765,-0.40342578602398227,False
WEST BENGAL,HOWRAH,2,21,10.5,-0.15822213127711673,False
West  Bengal,Hooghly,6,101,16.833333333333332,0.20112267995587182,False
West Bangal,Hooghly,1,92,92.0,4.4659782027473955,True
West Bangal,Howrah,3,48,16.0,0.15384046795153128,False
West Bengal,Alipurduar,1375,9459,6.879272727272728,-0.3636573246999034,False
West Bengal,Bankura,9441,136386,14.446139180171592,0.06567649590149292,False
West Bengal,Barddhaman,9917,160484,16.182716547342945,0.16420755898533562,False
West Bengal,Bardhaman,305,22944,75.22622950819672,3.514257035740681,True
West Bengal,Birbhum,11252,140111,12.452097404905794,-0.04746275125486206,False
West Bengal,Cooch Behar,10291,112568,10.938489942668351,-0.1333428019598974,False
West Bengal,Dakshin Dinajpur,4998,79280,15.86234493797519,0.146030104960178,False
West Bengal,Darjeeling,2757,50880,18.454842219804135,0.29312491228031357,False
West Bengal,Darjiling,58,8213,141.60344827586206,7.2804111117781805,True
West Bengal,East Midnapore,653,24594,37.66309341500766,1.3829752385734038,False
West Bengal,East Midnapur,2,18,9.0,-0.24333011288492984,False
West Bengal,HOWRAH,1,29,29.0,0.8914429752192449,False
West Bengal,Haora,354,39541,111.69774011299435,5.583601471582199,True
West Bengal,Hooghiy,1,31,31.0,1.0049202840296623,False
West Bengal,Hooghly,9393,172287,18.342063238581922,0.28672598464057486,False
West Bengal,Howrah,6392,101339,15.85403629536921,0.14555868375878098,False
West Bengal,Hugli,16,1248,78.0,3.671637041074473,True
West Bengal,Jalpaiguri,8504,179007,21.049741298212606,0.44035599430652644,False
West Bengal,Jhargram,835,6423,7.6922155688622755,-0.3175320417597657,False
West Bengal,Kalimpong,204,2177,10.67156862745098,-0.14848755821739953,False
West Bengal,Koch Bihar,427,70660,165.480093676815,8.635139843538564,True
West Bengal,Kolkata,3616,102860,28.44579646017699,0.8599982121030837,False
West Bengal,MALDA,3,85,28.333333333333332,0.8536172056157723,False
West Bengal,Malda,17474,178906,10.238411354011674,-0.17306431905817485,False
West Bengal,Maldah,568,21998,38.728873239436616,1.4434461517037225,False
West Bengal,Medinipur,11,167,15.181818181818182,0.10741793252908777,False
West Bengal,Murshidabad,31110,340843,10.956059144969464,-0.13234594906235936,False
West Bengal,Nadia,9450,182862,19.35047619047619,0.34394197861584014,False
West Bengal,North 24 Parganas,15020,275457,18.339347536617844,0.2865718993653675,False
West Bengal,North Dinajpur,86,4815,55.98837209302326,2.422726892364471,True
West Bengal,North Twenty Four Parganas,279,19456,69.73476702508961,3.202678843732497,True
West Bengal,Paschim Bardhaman,1400,15281,10.915,-0.13467558969895518,False
West Bengal,Paschim Medinipur,14645,199535,13.624786616592694,0.019074056651757584,False
West Bengal,Purba Bardhaman,2464,21987,8.923295454545455,-0.2476822255807839,False
West Bengal,Purba Medinipur,9860,93569,9.489756592292089,-0.21554198285219628,False
West Bengal,Purulia,385,6924,17.984415584415583,0.26643353799199737,False
West Bengal,Puruliya,12343,142695,11.560803694401685,-0.09803355706869091,False
West Bengal,South 24 Pargana,2,15,7.5,-0.32843809449274297,False
West Bengal,South 24 Parganas,27728,373409,13.466856607039816,0.010113320419525527,False
West Bengal,South Dinajpur,79,6740,85.31645569620254,4.086762892292329,True
West Bengal,South Twenty Four Parganas,814,41252,50.67813267813268,2.121431053394077,True
West Bengal,Uttar Dinajpur,17577,252655,14.374182169881095,0.061593751962588386,False
West Bengal,West Midnapore,455,30225,66.42857142857143,3.0150897543856288,True
West Bengal,hooghly,3,29,9.666666666666666,-0.2055043432814574,False
West Bengal,nadia,1,12,12.0,-0.07311414966930364,False
andhra pradesh,chittoor,5,52,10.4,-0.1638959967176376,False
